{"classifier_predictions": 0.9999851584434509, "_timestamp": 1718540651.085907, "_runtime": 82.63411688804626, "_step": 4575, "batch_costs": 0.0}